title,price,condition,shipping_cost,product_category
Disney Pixar cars 3 Diecast 1:55 1 postage charge Cars Added Regularly,,Pre-Owned,5,cars
"Carrera First Auto Sortiment (Disney, Cars, Paw Patrol, Mario Kart) 1:50 Slotcar",,Brand New,10,cars
Roblox Jailbreak items - Cars/Textures/Spoilers/Rims/Tires/Drifts/HyperColors.,0.99,Brand New,0,cars
Lightning McQueen Ornament • Disney Cars Movie • Race Car Decor,12.99,Brand New,10,cars
New Crocs Clog | Cars Lightning McQueen | Disney Water-Friendly | DONT LIGHT UP,37.99,New (Other) ·,15,cars
Funko POP! Pixar Cars Lightning McQueen 282 Chrome Vinyl Figure Target Exclusive,69.95,Brand New,0,cars
Disney pin authentic 2025 cars pixar spinner shanghai disneyland,18.99,Brand New,0,cars
JAILBREAK ITEMS🚗💨 100% CLEAN 💎 Trusted and Fast! 🔥 CLEAN Cars,,Brand New,15,cars
Disney Cars Sarge Thank You For Your Service Challenge Coin NEW,5.00,Brand New,10,cars
3 Audio & text e Books 4 Money Earning ! phone computer laptop used camera cars,0.99,Brand New,15,cars
Disney Parks 2025 Pixar Cars Mack Hauler Truck Vehicle Playset Lights Sounds NEW,149.95,Brand New,15,cars
2025 Authentic shanghai Disney Up Toy Story Cars Monster Pixar Spinner Pin,16.52,Brand New,5,cars
Trunk Gasket Weatherstrip Seal for Cadillac All Cars 40-49 Gutter Strip 1Pc,114.26,Brand New,15,cars
Door Seal Gasket Weatherstrip for Buick / Oldsmobile All Cars 49-52 2 Door Sedan,155.87,Brand New,15,cars
3Row Radiator+Shroud+Fan Fit 1968-74 Dodge Plymouth Mopar Cars 5.6L-7.2L #375,177.65,Brand New,5,cars
Cars (4K UHD / Blu-ray + Digital) NEW,25.99,Brand New ·,10,cars
Cars Moive Toys Thunder Hollow Crazy Eight ARVY 1:55 Loose CFC Diecast Toy Cars,14.90,Brand New,15,cars
Fit For Maserati Levante 2016-2020 Real Carbon Fiber Front Bumper Lip Spoiler,701.82,Brand New,15,cars
DISNEY PIXAR CARS ice racers frosty ICE RACERS 1:55 Mattel F1 alloy racer,6.59,Brand New,0,cars
Towbar Towing Electrics Trailer Socket EASY WIRING KIT Modern Canbus Cars,44.47,Brand New,0,cars
Not found,,Not specified,10,cars
Not found,,Not specified,15,cars
Not found,,Not specified,10,cars
"THE 1975 MUSIC FOR CARS EP 12"" Rare CLEAR Vinyl. New. Limited. Matty Healy.",26.98,Brand New,5,cars
"Nobori Flags JDM - Japanese Banners Home Decor, Cars, Events, Garage Decorations",,Brand New,0,cars
2Pcs Mini Badge Logo Front Bonnet Rear Boot Chrome Metal Sticker Hood Cooper,25.38,Brand New,5,cars
Japan Automobile Federation JAF METAL Emblem Badge For All Cars Front Grille,11.99,Brand New,10,cars
Cozy Cone Motel Pin Disneyland NEW Cars Land Pixar Sally Lightning McQueen 2025,27.95,Brand New,10,cars
American Cars Partwork #26 Diecast Model 1:43 Chevrolet Monte Carlo (1974),28.33,Brand New,0,cars
VLAND 22pcs Brake Caliper Tool Set and Wind Back TOOL Kit Car Truck Break Disc,10.99,Brand New,10,cars
Door Seal Gasket Weatherstrip for Chevrolet / Pontiac All Cars 1953-1954 Pair,164.40,Brand New,10,cars
4Row Radiator+Shroud+Fan Fit 1968-74 73 Dodge Plymouth Mopar Cars 5.6L-7.2L #375,244.15,Brand New,5,cars
Trunk Gasket Weatherstrip Seal for Chevrolet / Pontiac All Cars 53-54 1Pc,106.67,Brand New,5,cars
"Trunk Gasket Weatherstrip Seal for Studebaker All Cars 1940-1964 Coupe, Sedan",126.79,Brand New,15,cars
DISNEY CARS BIRTHDAY BANNER PERSONALISED ANY NAME PHOTO PARTY BANNERS,,Brand New,0,cars
YOU PICK Cars Moive Toys Next Gen Racers Mcqueen Jackson Cruz Loose Diecast 1:55,9.99,Brand New,0,cars
"Natural Air Car Freshener Refill Kit For BMW 83122285673,Set of 3 Pcs",18.61,Brand New,10,cars
"The Cars Band Shirt 90's Rock Band Shirt, unisex cotton t-shirt",18.80,Brand New,5,cars
ALL JAILBREAK ITEMS🚗💨 100% CLEAN 💎 Trusted and Fast! 🔥 CLEAN Cars,,Brand New,10,cars
"14.5"" Android Carplay Car Stereo Radio GPS Navi 4+64GB For 2013-2018 Dodge RAM",899.99,Brand New,0,cars
Rear Window Gasket Weatherstrip Seal for Chevrolet / Pontiac All Cars 49-52 1Pc,195.95,Brand New,15,cars
Fender Skirt Gasket Weatherstrip Seal for Chevrolet All Cars 49-54 Pair,99.34,Brand New,15,cars
SHEET METAL NUTS Emblem Trims US CARS Self Tapping Ford Pontiac Chevrolet,15.76,Brand New,10,cars
4*Car Door Sill Protector Carbon Fiber Leather Sticker for Ford Mustang Mach-E,17.10,Brand New,10,cars
2025 Disney Pixar Cars Radiator Spring Race & Rescue -CAL WEATHERS,12.95,Brand New,10,cars
PANELBOND METAL CAR PANEL VAN TRUCK DIRECT BOND NO WELDING SINGLE MIXER TUBE VW,54.99,Brand New,5,cars
Fakra Z Female to SMB Male In Car Radio Aerial Antenna Adapter Cable Lead DAB,10.11,Brand New,0,cars
Disney Parks CARS Heavy Metal Mater 3 Pack Die-Cast Lightning McQueen Dex NEW!,49.99,Brand New,15,cars
Skinz Sound Deadening Expert 27 Sheets Car Van Bulk Kit Proofing Damping 3mm,89.74,Brand New,15,cars
Hot Wheels RacerVerse Barbie Toy Car- 3pk NIB! 2 Different Versions -6 Cars,47.99,Brand New,10,cars
